x_mean,x_std,y_mean,y_std
-1.0211838698390622e-15,0.9999999999999998,-1.184687918443198e-15,1.0000000000000002
